Primary key|Author 1|Author 2|Title|Original MSS.|Pub. Date|Link|Notes|Genre 1|Genre 2|Genre 3|Publisher
|"""A Yankee"""|Baird, Robert (intro.)|Old sights with new eyes||1854|Hathi Trust|On database: au. 'Anonymous'|travel|||
|Abbott, Jacob||Summer in Scotland||1848|Hathi Trust|There's a duplicate of this - marked for deletion|travel|||
|Alexander, Jane||Candlemaker row||2015|Website||contemporary fiction|science fiction||
|Allingham, William||Varieties in Prose vol. 2||1893|Hathi Trust||travel|history||
|Anon.||Willie Gillies, chapter 1||1892|NLS|On database: 'Anon., Highland Monthly' [v.4, no.37]|historical fiction|||
|Anon.||Notes of a ramble through France, Italy, Switzerland, Germany, Holland, and Belgium||1836|Hathi Trust||travel|history||
|Atkinson, Eleanor||Greyfriars Bobby||1912|Hathi Trust||children's fiction|||
|Aytoun, Douglas||Braes o' Balquhidder||1896|Worldcat||adventure|||
|Bailey, James Montgomery||England from a Back-Window||1878|Hathi Trust||travel|||
|Balfour, Andrew||To arms!||1898|Hathi Trust||adventure|||
|Balfour, James||The historical works of Sir James Balfour vol. 2||1824|Hathi Trust||history|history||
|Ballantyne, Robert Michael||Hunted and Harried||1891|Gutenberg||historical fiction|crime and mystery||
|Barnes, John Henry||Forty years on the stage||1914|Hathi Trust||biography and autobiography|||
|Barr, Amelia Edith Huddleston||The lone house||1893|Hathi Trust||historical fiction|||
|Barr, Amelia Edith Huddleston||Winter evening tales||1896|Hathi Trust||short stories|romance||
|Barrie, James Matthew||The little minister||1891|Hathi Trust||romance|adventure||
|Barrie, James Matthew||An Edinburgh eleven||1889|Hathi Trust||short stories|essays and journals||
|Barrie, James Matthew||Auld licht idylls||1888|Hathi Trust||short stories|||
|Barrie, James Matthew||A holiday in bed||1892|Hathi Trust||short stories|||
|Bates, James Hale||Notes of foreign travel||1891|Hathi Trust||travel|||
|Beatty, Daniel F.||Beatty's tour in Europe||1880|Hathi Trust||travel|||
|Beatty, W.||Secretar. Founded on the story of the Casket Letters||1897|Worldcat||historical fiction|||
|Beauchamp, Lou J.||What the Duchess and I saw in Europe||1896|Hathi Trust||travel|history||
|Bede, Cuthbert||A Tour in Tartan-Land||1863|Hathi Trust||travel|history||
|Begbie, Harold||The Cage||1911|Hathi Trust||uncategorised|||
|Bertram, James Glass||Story of a Stolen Heir. A novel vol. 1||1858|Archive.org|On database: links to https://historicaltexts.jisc.ac.uk/bl-000300859-01|crime and mystery|||
|Bertram, James Glass||Story of a Stolen Heir. A novel vol. 2||1858|Worldcat|On database: links to https://historicaltexts.jisc.ac.uk/bl-000300859-02|crime and mystery|||
|Bertram, James Glass||Story of a Stolen Heir. A novel vol. 3||1858|Archive.org|On database: links to https://historicaltexts.jisc.ac.uk/bl-000300859-03|crime and mystery|||
|Bidwell, George||Forging his chains||1888|Hathi Trust||biography and autobiography|crime and mystery||
|Bill, Windy||A poor American in Ireland and Scotland||1913|Hathi Trust|On database: au. 'Goodkind, Ben'|travel|||
|Bone, David William||Broken stowage||1922|Hathi Trust||adventure|||
|Boswell, James||Boswelliana||1874|NLS|On database: au. 'Anonymous'|letters and diaries|biography and autobiography|essays and journals|
|Boswell, John||The journal of a tour to the Hebrides, with Samuel Johnson, LL.D.||1786|Hathi Trust||travel|biography and autobiography|letters and diaries|
|Boswell, John||The life of Samuel Johnson, LL.D.||1791|Hathi Trust||travel|biography and autobiography|letters and diaries|
|Botfield, Beriah||Journal of a tour through the Highlands of Scotland||1830|Hathi Trust||travel|||
|Boyd, Andrew Kennedy Hutchison||St Andrews and elsewhere||1894|Hathi Trust||travel|biography and autobiography||
|Brewer, David Josiah||The world's best essays, from the earliest period to the present time vol. 2||1900|Hathi Trust||essays and journals|||
|Broomfield, James Polwarth||Murmurings from rugged waters||1901|Hathi Trust||short stories|myths and legends||
|Brown, George Douglas||The house with the green shutters||1901|Hathi Trust||historical fiction|classic fiction||
136|Brown, John||Spare hours||1862|Hathi Trust|Diff vols. w/ diff. stories|short stories|||
137|Brown, John||Spare hours||1866|Hathi Trust|Diff vols. w/ diff. stories|short stories|||
|Brown, John||John Leech and other papers||1882|NLS|On database: au. 'Anonymous'|short stories|myths and legends|crime and mystery|
|Brown, John||Rab and his friends||1859|Hathi Trust||historical fiction|||
|Brown, Peter Hume (ed.)||Early travellers in Scotland||1891|Hathi Trust||travel|essays and journals|history|
|Brown, Thomas||London, or, A month at Steven's vol. 1||1819|Hathi Trust||sagas|humour and satire||
|Browne, Junius Henri||Sights and sensations in Europe||1871|Hathi Trust||travel|||
|Buchan, John||John Burnet of Barns||1898|Archive.org||adventure|romance|historical fiction|
|Buchan, John||Salute to Adventurers||1915|Hathi Trust||adventure|romance|historical fiction|
|Burchard, Oscar Roger||Two months in Europe||1879|Hathi Trust||travel|||
|Burns, Robert||Complete poetical and prose works of Robert Burns||1858|Hathi Trust||letters and diaries|travel||
|Burns, Robert|M'Lehose, Agnes|Sylvander and Clarinda||1917|Hathi Trust||romance|letters and diaries||
|Burton, John Hill||Narratives from criminal trials in Scotland vol. 2||1852|Hathi Trust||short stories|crime and mystery||
|Butler, Charles J.||A bachelor's rambles through the British Isles||1895|Hathi Trust||travel|biography and autobiography||
|Butlin, Ron||The magicians of Edinburgh||2012|Birlinn||contemporary fiction|||
|Butlin, Ron||Ghost moon||2014|Birlinn||contemporary fiction|||
|Butterworth, Hezekiah||Zigzag journeys in Europe||1880|Hathi Trust||travel|||
|Cameron, Mary Emily||House of Achendaroch: an old maid's story||1878|Worldcat||uncategorised|||
|Campbell, Alexander||A journey from Edinburgh through parts of North Britain vol. 1||1802|Hathi Trust||travel|essays and journals||
|Campbell, C. M.||Deilie Jock||1897|Worldcat||uncategorised|||
|Carlyle, Alexander|Burton, John Hill (ed.)|Autobiography of the Rev. Dr. Alexander Carlyle, Minister of Inveresk||1860|Hathi Trust||biography and autobiography|||
|Carlyle, Jane Welsh|Froude, James Anthony (ed.)|Letters and memorials of Jane Welsh Carlyle|1834-1866|1883|Hathi Trust||letters and diaries|biography and autobiography||
150|Carlyle, Thomas|Froude, James Anthony (ed.)|Reminiscences||1881|Hathi Trust||essays and journals|biography and autobiography|letters and diaries|
|Carnegie, Andrew||Our coaching trip||1882|Hathi Trust|The same text as 'American Four-in-Hand' but with diff title and slightly diff extracts|travel|humour and satire|biography and autobiography|
|Carnegie, Andrew||American Four-in-Hand in Britain||1883|Hathi Trust|The same text as 'Our Coaching Trip' but with diff title and slightly diff extracts|travel|humour and satire|biography and autobiography|
|Carson, Norma Bright||From Irish castles to French ch√¢teaux||1910|Hathi Trust||travel|||
|Carswell, Catherine MacFarlane||Open the door||1920|Hathi Trust||classic fiction|romance||
|Carswell, Catherine MacFarlane||The camomile||1922|Hathi Trust||classic fiction|||
|Caumont, Mary||Hanleys; or, Wheels within wheels||1888|Worldcat||uncategorised|||
|Chalmers, James||Renegade||1895|Worldcat||historical fiction|war fiction||
|Chalmers, Thomas||A selection from the correspondence of the late Thomas Chalmers||1855|Hathi Trust||letters and diaries|||
|Chambers, Robert||Traditions of Edinburgh||1824|Hathi Trust||history|essays and journals|myths and legends|
158|Chambers, William||Memoirs of Robert Chambers||1872|Hathi Trust||biography and autobiography|||
|Channing, Walter||A physician's vacation||1856|Hathi Trust||travel|essays and journals||
162|Choate, Joseph Hodges||The life of Joseph Hodges Choate as gathered chiefly from his letters vol. 2||1920|Hathi Trust||letters and diaries|biography and autobiography||
|Chuttraputtee, Rajah Ram|West, Edward W. (ed.)|Diary of the late Rajah of Kolhapoor||1872|Hathi Trust||letters and diaries|travel||
|Claire, Regi||The waiting||2012|Website||contemporary fiction|||
|Clough, Arthur Hugh||Letters and remains of Arthur Hugh Clough||1865|Hathi Trust||biography and autobiography|letters and diaries||
|Cockburn, Henry||Memorials of his time||1856|Hathi Trust||biography and autobiography|||
16|Coghill, James Henry||Abroad: Journal of a Tour Through Great Britain and on the Continent||1868|Hathi Trust||travel|history||
|Coleman, John||Curly. An actor's story||1885|Archive.org||uncategorised|||
|Colquhoun, Frances Mary||A bit of the tartan||1895|Worldcat||children's fiction|||
|Colton, Calvin||Four years in Great Britain||1836|Hathi Trust||travel|||
|Combe, George||The life and correspondence of Andrew Combe||1850|Hathi Trust||biography and autobiography|letters and diaries||
|Conlen, William James||Philadelphians abroad||1908|Hathi Trust||travel|||
|Connor, Ralph||Corporal Cameron of the North West mounted police||1912|Hathi Trust||adventure|crime and mystery||
|Cook, Joel||A Holiday Tour in Europe||1879|Hathi Trust||travel|essays and journals||
|Cooke, Arthur Bledsoe||With the tourist tide||1907|Hathi Trust||travel|||
|Cooper, Charles Alfred||An editor's retrospect||1896|Hathi Trust||biography and autobiography|essays and journals||
170|Cooper, James Fenimore|Cooper, James Fenimore (ed.)|Correspondence of James Fenimore-Cooper vol. 1||1922|Hathi Trust||letters and diaries|biography and autobiography||
|Copplestone, Bennet||The silent watchers||1918|Hathi Trust||war fiction|||
|Cord, William Harlan||A Knight Templar abroad||1885|Hathi Trust||history|travel||
|Cowley, Percy Tunnicliff||In the Western Highlands of Scotland||1890|Worldcat||travel|||
173|Craik, Dinah Maria Mulock||A noble life vol. 2||1866|Hathi Trust||historical fiction|romance|sagas|
|Crockett, Samuel Rutherford||Cleg Kelly||1896|Archive.org||adventure|||
|Crockett, Samuel Rutherford||Red cap adventures||1908|Hathi Trust||children's fiction|short stories||
|Crockett, Samuel Rutherford||Strong Mac||1904|Hathi Trust||crime and mystery|||
|Crockett, Samuel Rutherford||The Dew of Their Youth||1910|Hathi Trust||historical fiction|adventure|romance|
|Crockett, Samuel Rutherford||The men of the moss-hags||1895|Hathi Trust||historical fiction|myths and legends||
|Crockett, Samuel Rutherford||The standard bearer||1898|Hathi Trust||historical fiction|||
|Crockett, Samuel Rutherford||The Black Douglas||1899|Archive.org||romance|adventure|historical fiction|
|Crockett, Samuel Rutherford||Lilac sunbonnet||1894|Archive.org||romance|||
|Crockett, Samuel Rutherford||May Margaret||1905|Hathi Trust||romance|||
|Crockett, Samuel Rutherford||Bog-Myrtle and Peat||1895|Archive.org||short stories|myths and legends||
26|Crockett, Samuel Rutherford||The Stickit minister||1893|Hathi Trust||short stories|||
|Crockett, Samuel Rutherford||Fishers of men||1906|Hathi Trust||uncategorised|||
180|Cromwell, Oliver|Carlyle, Thomas (ed.)|Oliver Cromwell's letters and speeches: with elucidations vol. 1|1635-1658|1845|Hathi Trust||letters and diaries|essays and journals|history|
|Hume, David|Turnbull, William (ed.)|Domestic Details|1697-1707|1843|Hathi Trust||biography and autobiography|||
182|Crowberry, Daniel||North of the Tweed vol. 3||1867|Hathi Trust||adventure|historical fiction||
183|Culler, Lucy Yeend|Wynn, William H. (intro.)|Europe through a woman's eye||1883|Hathi Trust||travel|history||
|Cuyler, Theodore Ledyard||Recollections of a Long Life||1902|Hathi Trust||biography and autobiography|||
|Dana, Richard Henry||Hospitable England in the seventies||1921|Hathi Trust||travel|letters and diaries||
27|Davidson, John||Miss Armstrong's and other circumstances||1896|Hathi Trust||short stories|||
186|Dawson, Edward Walter||Benedict's wanderings in Ireland, Scotland, Italy, & Sicily||1873|Hathi Trust|Diff ed. w/ diff extracts but same text|travel|||
187|Dawson, Edward Walter||Benedict's wanderings in Ireland, Scotland, Italy, & Sicily||1873|Hathi Trust|Diff ed. w/ diff extracts but same text|travel|||
507|Defoe, Daniel||A tour thro' the whole island of Great Britain vol. 1-3||1724-1727|Adelaide.edu||travel|history||
28|Dibdin, Charles James||The Cleekim Inn||1896|Hathi Trust||historical fiction|adventure||
|Dickens, Charles||The Pickwick Papers||1837|Hathi Trust||humour and satire|classic fiction||
|Dickinson, Andrew||My first visit to Europe||1851|Hathi Trust||travel|biography and autobiography||
|Doane, George Hobart||Letters of Monsignor George Hobart Doane||1905|Hathi Trust||letters and diaries|||
|Dodge, Robert||Diary, sketches, and reviews||1850|Hathi Trust||letters and diaries|travel||
|Dods, Marcus|Dods, Marcus (ed.)|Later letters of Marcus Dods, D. D.||1911|Hathi Trust||letters and diaries|||
|Downe, Walmer||Bloom of faded years||1896|Worldcat||uncategorised|||
|Downe, Walmer||By Shamrock and Heather||1898|Worldcat||uncategorised|||
|Doyle, Arthur Conan||The Firm of Girdlestone||1890|Hathi Trust||classic fiction|||
|Doyle, Arthur Conan||A Duet, with an occasional chorus||1899|Archive.org||classic fiction|||
|Drummond, P. R.||Perthshire in bygone days||1879|NLS|On database: au. 'Anonymous'|essays and journals|||
33|Durbin, John Price||Observations in Europe, principally in France and Great Britain vol. 2||1844|Hathi Trust||travel|||
|Dyer, Catherine Cornelia Joy||Sunny days abroad||1873|Hathi Trust||travel|||
|Eudora||Wayside notes and fireside thoughts||1884|Hathi Trust||travel|essays and journals||
|Evangeline||European Leaflets, for Young Ladies||1861|Hathi Trust|On database: au. 'Newman, A. E.'|travel|||
195|Ferrier, Susan||Marriage vol. 1||1818|Hathi Trust||romance|classic fiction||
|Fields, James Thomas||Yesterdays with authors||1872|Hathi Trust||essays and journals|biography and autobiography||
|Fletcher, Eliza Dawson||Autobiography of Mrs. Fletcher.||1874|Hathi Trust||biography and autobiography|||
|Forbes, Elizabeth A.||A woman's first impressions of Europe||1865|Hathi Trust||travel|||
|Frost, Arthur Broadfield||Night-Lights||1893|Worldcat||uncategorised|||
|Fuller, Henry||A Californian circling the globe||1904|Hathi Trust|There's a duplicate of this - marked for deletion|travel|||
|Fuller, Henry Starkey||Ten days abroad||1901|Hathi Trust||travel|||
|Fuller, Hiram||Sparks from a Locomotive||1859|Hathi Trust||travel|letters and diaries||
|Furniss, Harry||Flying visits||1892|Hathi Trust||essays and journals|||
204|Galt, John||Ringan Gilhaize: or, The covenanters vol. 1||1823|Hathi Trust||historical fiction|||
203|Galt, John||Ringan Gilhaize: or, The covenanters vol. 2||1823|Hathi Trust||historical fiction|||
205|Galt, John||Ringan Gilhaize: or, The covenanters vol. 3||1823|Hathi Trust||historical fiction|||
|Gibson, William||Rambles in Europe in 1839||1841|Hathi Trust||travel|||
|Gilfillan, George||The history of a man||1856|Hathi Trust||biography and autobiography|||
|Glass, Chester||World: round it and over it||1881|Hathi Trust||letters and diaries|travel||
207|Gleig, George Robert||Allan Breck vol. 2||1834|Hathi Trust||historical fiction|adventure|crime and mystery|
|Gordon, Mary Wilson||Christopher North: a memoir of John Wilson||1862|Hathi Trust||biography and autobiography|||
|Gordon, Mary Wilson||The fortunes of the Falconars vol. 2||1844|Hathi Trust||sagas|romance||
|Gore, Leslie||Annie Jennings vol. 1||1870|Hathi Trust||sagas|romance|adventure|
|Gore, Leslie||Annie Jennings vol. 2||1870|Hathi Trust||sagas|romance|adventure|
|Gough, John Bartholomew||Autobiography and personal recollections of John B. Gough||1869|Hathi Trust||biography and autobiography|||
|Gower, Ronald Sutherland||Old diaries, 1881-1901||1902|Hathi Trust||letters and diaries|essays and journals||
|Graham, Clementina Stirling|Brown, John (ed.)|Mystifications||1865|Hathi Trust||humour and satire|||
|Graham, Stephen||A private in the guards||1919|Hathi Trust||war fiction|||
|Grant, James||Jane Seton: or, the Kings Advocate||1853|Hathi Trust||historical fiction|romance|adventure|
|Grant, James||The captain of the guard||1862|Hathi Trust||historical fiction|romance|adventure|
|Grant, James||Colville of the guards vol. 1||1885|Hathi Trust||historical fiction|romance|adventure|
40|Grant, James||The Romance of War||1846|Hathi Trust||historical fiction|romance|war fiction|
|Grant, James||The Scottish cavalier||1850|Hathi Trust||historical fiction|romance|war fiction|
|Grant, James||The King's own borderers vol. 1||1865|Hathi Trust||historical fiction|romance|war fiction|
218|Grant, James||The master of Aberfeldie vol. 2||1884|Hathi Trust||historical fiction|romance|war fiction|
|Grant, James||The white cockade vol. 2||1867|Hathi Trust||myths and legends|crime and mystery||
223|Gray, Asa|Gray, Jane Loring (ed.)|Letters of Asa Gray vol. 1|c.1810-1888|1893|Hathi Trust||letters and diaries|biography and autobiography||
496|Gray, Patrick||Letters and papers relating to Patrick, Master of Gray, afterwards seventh [sixth] Lord Gray||1835|NLS|On database: au. 'Anonymous'|letters and diaries|biography and autobiography||
|Gray, Thomas||Letters of Thomas Gray|1734-1771|1820|Hathi Trust||letters and diaries|biography and autobiography||
|Greeley, Horace||Glances at Europe||1851|Hathi Trust||travel|||
|Greenwood, Grace||Bonnie Scotland||1861|Hathi Trust|On database: au. 'Lippincott, Sara Jane Clarke'|history|travel||
226|Griscom, John||A Year in Europe vol. 2||1823|Hathi Trust||travel|essays and journals||
|Groome, Francis Hindes||Kriegspiel: the War-Game||1896|Archive.org||uncategorised|||
|Guild, Curtis||Over the ocean||1871|Hathi Trust||travel|||
36|H., G.||A Traveller's Notes, in Scotland, Belgium, Devonshire, the Channel Islands, the Mediterranean, France, Somersetshire, Cornwall, the Scilly Islands, Wilts, and Dorsetshire||1867|Worldcat||travel|||
|Haight, Canniff||Here and there in the Home Land||1895|Hathi Trust||travel|||
|Hall, Basil||Schloss Hainfeld||1836|Hathi Trust||travel|essays and journals||
|Hall, Samuel Carter||Retrospect of a long life from 1815 to 1883||1883|Hathi Trust||biography and autobiography|essays and journals||
|Hanna, William||Memoirs of the life and writings of Thomas Chalmers vol. 2||1850|Hathi Trust||letters and diaries|biography and autobiography||
|Hanna, William||Memoirs of the life and writings of Thomas Chalmers vol. 4||1852|Hathi Trust||letters and diaries|biography and autobiography||
|Harding, Edward J. (ed.)||Gleanings from the popular authors, grave and gay||1886|Hathi Trust|On database: au. 'Anonymous'|short stories|||
|Hardy, Robina F.||Within a mile o' Edinburgh Town||1886|Worldcat||uncategorised|||
522|Hare, Augustus John Cuthbert||The Story of My Life vol. 4-6||1900|Gutenberg||travel|biography and autobiography||
|Hargreaves, Thomas||A Voyage round Great Britain||1884|Worldcat||travel|history||
|Harker, Lizzie Allen||Miss Esperance and Mr. Wycherly||1908|Hathi Trust||children's fiction|||
|Harker, Lizzie Allen||Children of the dear Cotswolds||1918|Hathi Trust||children's fiction|||
|Harper, George McLean||Dreams and memories||1922|Hathi Trust||children's fiction|short stories||
|Haven, Gilbert||The pilgrim's wallet||1866|Hathi Trust||travel|||
46|Hawthorne, Nathaniel|Hawthorne, Sophia Peabody (ed.)|Passages from the English Note-books of Nathaniel Hawthorne vol. 2||1870|Hathi Trust||travel|essays and journals||
|Hay, Ian||The right stuff||1908|Hathi Trust||humour and satire|romance||
239|Hazlitt, William Carew||Memoirs of William Hazlitt vol. 2||1867|Hathi Trust||letters and diaries|biography and autobiography||
|Hazlitt, William Carew||Liber amoris||1823|Hathi Trust||romance|||
|Higginson, H. Talbot||Notes by the way; or, what I saw in my rambles||1890|Worldcat||travel|history||
|Hogg, James||The Private Memoirs and Confessions of a Justified Sinner||1824|Archive.org||crime and mystery|classic fiction||
|Holloway, Henry Clay||A new path across an old field||1886|Hathi Trust||travel|||
|Holmes, Burton||Burton Holmes travelogues||1922|Hathi Trust||travel|||
|Holmes, Oliver Wendall||Our hundred days in Europe||1887|Hathi Trust||travel|||
244|Horner, Francis|Horner, Leonard (ed.)|Memoirs and correspondence of Francis Horner, M.P. vol. 1|1778-1817|1843|Hathi Trust||letters and diaries|biography and autobiography||
|Howell, Charles Fish||Around the clock in Europe||1912|Hathi Trust||travel|||
|Hoyt, James M.||Glances on the wing at foreign lands||1872|Hathi Trust||travel|||
|Hubbell, Orrin Z.||A university tramp||1889|Hathi Trust||letters and diaries|travel||
517|Hume, David|Burton, John Hill (ed.)|Life and Correspondence of David Hume vol. 1||1846|Gutenberg||letters and diaries|biography and autobiography||
|Hunter, Robert||A brief account of a tour through some parts of Scotland||1839|Hathi Trust||travel|||
|Hutton, Laurence||Literary landmarks of Edinburgh||1891|Hathi Trust||history|essays and journals||
|Hutton, William||Twelve thousand miles over land and sea||1878|Hathi Trust||travel|||
|Hyatt, Alfred Henry||The charm of Edinburgh||1908|Hathi Trust||history|short stories||
|Ireland, Annie Elizabeth Nicholson||Life of Jane Welsh Carlyle||1891|Hathi Trust||biography and autobiography|||
|Irving, Washington||Abbotsford and Newstead Abbey||1835|Hathi Trust||biography and autobiography|travel||
|Jerome, Jerome K.||Sketches in lavender, blue, and green||1897|Hathi Trust||short stories|||
|Johnson, Jesse||Glimpses of Europe||1906|Hathi Trust||travel|||
|Johnston, David||Autobiographical reminiscences of David Johnston||1885|Hathi Trust||biography and autobiography|||
|Johnston, Richard Malcolm (ed.)||Two gray tourists||1885|Hathi Trust||travel|||
|Johnstone, Christian Isobel||Elizabeth de Bruce vol. 1||1827|Hathi Trust||classic fiction|||
|Johnstone, Christian Isobel||Elizabeth de Bruce vol. 2||1827|Hathi Trust||classic fiction|||
|Johnstone, Christian Isobel||Elizabeth de Bruce vol. 3||1827|Hathi Trust||classic fiction|||
|Johnstone, Christian Isobel||The Edinburgh tales vol. 1||1845|Hathi Trust||short stories|||
|Johnstone, Christian Isobel||The Edinburgh tales vol. 2||1846|Hathi Trust||short stories|||
|Johnstone, Christian Isobel||The Edinburgh tales vol. 3||1846|Hathi Trust||short stories|||
|Johnstone, Doug||Tombstoning||2006|Faber&Faber||contemporary fiction|||
|Johnstone, Doug||The Ossians||2008|Faber&Faber||contemporary fiction|||
|Johnstone, Doug||Smokeheads||2011|Faber&Faber||contemporary fiction|||
|Johnstone, Doug||Hit and run||2012|Faber&Faber||contemporary fiction|||
|Johnstone, Doug||Gone again||2013|Faber&Faber||contemporary fiction|||
|Johnstone, Doug||The dead beat||2014|Faber&Faber||contemporary fiction|||
|Khurshed-ji, Ardsher||Diary of an Overland Journey from Bombay to England, and of a year's residence in Great Britain||1840|Worldcat||travel|letters and diaries||
|King, Horatio||Sketches of travel||1878|Hathi Trust||travel|||
|Kirk, Thomas|Thoresby, Ralph|Tours in Scotland 1677 & 1681||1892|Hathi Trust||travel|||
|Knighton, William|Lady Knighton (ed.)|Memoirs of Sir William Knighton vol. 1|1776-1836|1838|Hathi Trust||biography and autobiography|||
|Knowles, Robert Edward||The undertow||1906|Hathi Trust||uncategorised|||
|Knox, John|Laing, David (ed.)|The works of John Knox vol. 2|1548-1572|1848|Hathi Trust||history|||
|Kohl, Johann Georg|Kesson, John (transl.)|Travels in Scotland: translated from the German|1842|1844|Hathi Trust||travel|||
|Lane, Elinor Macartney||Nancy Stair||1904|Hathi Trust||historical fiction|||
|Lang, John|Lang, Jean|Stories of the Border Marches||1916|Worldcat||short stories|myths and legends||
|Le Queux, William||The Red Room||1909|Hathi Trust||crime and mystery|||
|Leighton, Alexander||A second series of Curious storied traditions of Scottish life||1861|Worldcat||short stories|myths and legends||
|Leighton, Alexander||Mysterious legends of Edinburgh||1864|Hathi Trust||short stories|myths and legends||
|Leighton, Alexander||Romances of the old town of Edinburgh||1867|Hathi Trust||short stories|myths and legends||
|Lewes, Charles Lees||Memoirs of Charles Lee Lewes vol. 3||1805|Hathi Trust||biography and autobiography|||
|Lewes, Charles Lees||Memoirs of Charles Lee Lewes vol. 4||1805|Hathi Trust||biography and autobiography|||
|Linskill, Charles Dorrance||Travels in land beyond the sea||1888|Hathi Trust||travel|||
|Linton, Eliza Lynn||Witch Stories||1861|Hathi Trust||myths and legends|crime and mystery||
|Livingston, Josiah||Our Street. Memories of Buccleuch Place||1893|Archive.org||biography and autobiography|||
|Livingston, Josiah||New North Church, Edinburgh||1893|Worldcat||biography and autobiography|||
|Locke, James||Tweed and Don||1860|Hathi Trust||travel|essays and journals||
|Lockhart, John Gibson||Life of Walter Scott||1870|Hathi Trust|There's a duplicate of this - marked for deletion|biography and autobiography|||
|Lockhart, John Gibson||Memoirs of the life of Sir Walter Scott, Bart. vol. 4-6||1837|Hathi Trust||biography and autobiography|||
|Lockhart, John Gibson||Memoirs of the life of Sir Walter Scott, Bart. vol. 7-9||1837|Hathi Trust||biography and autobiography|||
|Lockhart, John Gibson||Peter's letters to his kinsfolk vol. 1||1819|Hathi Trust||letters and diaries|essays and journals||
|Lockhart, John Gibson||Peter's letters to his kinsfolk vol. 2||1819|Hathi Trust||letters and diaries|essays and journals||
|Lockhart, John Gibson||Peter's letters to his kinsfolk vol. 3||1819|Hathi Trust||letters and diaries|essays and journals||
|Lucas, Edward Verrall||Some friends of mine||1909|Hathi Trust||essays and journals|biography and autobiography||
|Lyall, Edna||Wayfaring men||1897|Hathi Trust||romance|||
|MacDiarmid, Hugh||Scottish eccentrics||1936|Archive.org|On database: au. 'Anonymous'|essays and journals|biography and autobiography||
|MacDonald, John||Travels, in various parts of Europe, Asia, and Africa, during a series of thirty years and upwards||1790|Worldcat||travel|||
|Manly, John Matthews||English prose (1137-1890)||1909|Hathi Trust||anthology|||
|Marchbank, Agnes||Ruth Farmer||1896|Hathi Trust||uncategorised|||
|Masson, Rosaline Orme||Edinburgh||1910|Hathi Trust||history|||
|Maxwell, William Hamilton||Hill-side and border sketches||1847|Hathi Trust||essays and journals|||
|McCall Smith, Alexander||The Sunday Philosophy Club||2004|Website||contemporary fiction|crime and mystery||
|McCall Smith, Alexander||44 Scotland Street||2005|Website||contemporary fiction|humour and satire||
|McCall Smith, Alexander||Friends, Lovers, Chocolate||2005|Website||contemporary fiction|crime and mystery||
|McCall Smith, Alexander||Espresso Tales||2006|Website||contemporary fiction|humour and satire||
|McCall Smith, Alexander||The Right Attitude to Rain||2006|Website||contemporary fiction|crime and mystery||
|McCall Smith, Alexander||The Careful use of Compliments||2007|Website||contemporary fiction|crime and mystery||
|McCall Smith, Alexander||The world according to Bertie||2007|Website||contemporary fiction|humour and satire||
|McCall Smith, Alexander||The comfort of Saturdays||2008|Website||contemporary fiction|crime and mystery||
|McCall Smith, Alexander||The unbearable lightness of scones||2008|Website||contemporary fiction|humour and satire||
|McCall Smith, Alexander||The lost art of gratitude||2009|Website||contemporary fiction|crime and mystery||
|McCall Smith, Alexander||The charming quirks of others||2010|Website||contemporary fiction|crime and mystery||
|McCall Smith, Alexander||The importance of being seven||2010|Website||contemporary fiction|humour and satire||
|McCall Smith, Alexander||Bertie plays the blues||2011|Website||contemporary fiction|humour and satire||
|McCall Smith, Alexander||The forgotten affairs of youth||2011|Website||contemporary fiction|crime and mystery||
|McCall Smith, Alexander||The uncommon appeal of clouds||2012|Website||contemporary fiction|crime and mystery||
|McCall Smith, Alexander||Sunshine on Scotland Street||2012|Website||contemporary fiction|humour and satire||
|McCall Smith, Alexander||Bertie's guide to life and mothers||2013|Website||contemporary fiction|humour and satire||
|McCormick, Richard||St. Paul's to St. Sophia||1860|Hathi Trust||travel|||
|McLellan, Henry Blake|McLellan, Isaac (ed.)|Journal of a residence in Scotland|1831-1833|1834|Hathi Trust|On database: au. 'Maclellan'|travel|||
|Melish, John||Travels in the United States of America||1812|Hathi Trust||travel|||
|Melville, George John Whyte||Queen's Maries. A romance of Holyrood vol. 2||1862|Hathi Trust||historical fiction|romance||
|M'Govan, James||Brought to Bay; or, Experiences of a City Detective||1878|Archive.org|On database: au. 'Macgovan'|crime and mystery|||
|M'Govan, James||Traced and tracked; or, Memoirs of a City Detective||1884|Hathi Trust|On database: au. 'Macgovan'|crime and mystery|||
|M'Govan, James||Solved Mysteries; or, Revelations of a City Detective||1888|Worldcat|On database: au. 'Macgovan'|crime and mystery|||
|Miller, Daniel||Rambles in Europe||1911|Hathi Trust||travel|||
|Miller, Hugh||My schools and schoolmasters||1854|Hathi Trust||biography and autobiography|||
|Miller, Hugh|Miller, Lydia Mackenzie Falconer (ed.)|Tales and sketches||1863|Hathi Trust||essays and journals|||
|Miller, Hugh||Edinburgh and its neighbourhood, geological & historical||1863|Hathi Trust||history|||
|Moffat, James Clement||Song and scenery||1874|Hathi Trust||travel|||
|Moncreiff, Frederick Charles||The X jewel||1896|Hathi Trust||historical fiction|romance|adventure|
|Moncreiff, Frederick Charles||The Provost-Marshal: a romance of the middle shires||1896|Worldcat||historical fiction|romance|adventure|
|Moore, Thomas|Russell, John (ed.)|Memoirs, journals, and correspondence of Thomas Moore vol. 5|1779-1852|1853|Hathi Trust||letters and diaries|biography and autobiography||
|Moore, Thomas|Russell, John (ed.)|Memoirs, journals, and correspondence of Thomas Moore vol. 8|1779-1852|1856|Hathi Trust||letters and diaries|biography and autobiography||
|Moore, Walter William||A year in Europe||1905|Hathi Trust||travel|||
|Moran, Benjamin||The footpath and highway||1853|Hathi Trust||travel|||
|Morford, Henry||Over-Sea||1867|Hathi Trust||travel|||
|Morley, Christopher||Shandygaff||1918|Hathi Trust||short stories|||
|Morley, Christopher|Martin, Edward Sandford (ed.)|Pipefuls||1920|Hathi Trust||short stories|||
|Morrison, Leonard Allison||Rambles in Europe||1887|Hathi Trust||travel|history||
|Mudie, Robert||The modern Athens||1825|Hathi Trust||travel|||
|Munro, Neil||John Splendid||1898|Hathi Trust||historical fiction|war fiction||
|Napier, Macvey|Napier, Macvey (ed.)|Selection from the correspondence of the late Macvey Napier||1879|Hathi Trust||letters and diaries|||
|Nasymth, James|Smiles, Samuel (ed.)|James Nasmyth, Engineer: an autobiography||1883|Hathi Trust||biography and autobiography|||
|Newell, William Whiting||Sketches of continental Europe and Great Britain||1859|Hathi Trust||travel|||
|Nye, Stephen Girard|Nye, Emma M. (ed.)|Addresses and letters of travel||1908|Hathi Trust||travel|||
|Ochiltree, Henry||Out of her shroud||1897|Worldcat||uncategorised|||
|O'Donnell, Elliott||Scottish ghost stories||1911|Archive.org||ghost stories|myths and legends||
|O'Hara, Edward H.||World war at its climax||1922|Hathi Trust||war fiction|||
|Oliphant, Margaret|Coghill, Mrs Harry (ed.)|The autobiography and letters of Mrs. M.O.W. Oliphant||1899|Hathi Trust||biography and autobiography|letters and diaries||
|Oliphant, Margaret||Royal Edinburgh||1890|Hathi Trust||history|essays and journals||
|Olpihant, Margaret||Andrew Ramsay of Errol vol. 1||1865|Archive.org|On database: au. 'Ramsay, Andrew'. Sometimes attrib. to her brother, William Wilson.|classic fiction|||
|Olpihant, Margaret||The laird of Norlaw||1858|Hathi Trust||classic fiction|historical fiction||
|Omond, George William Thomson||Story of Maurice Lestrange||1896|Worldcat||travel|||
|Omond, George William Thomson (ed.)||Arniston memoirs|1571-1838|1887|NLS|On database: au. 'Anonymous'|history|biography and autobiography||
|Optic, Oliver||Shamrock and Thistle||1868|Hathi Trust||travel|adventure||
|Orczy, Baroness Emma||The man in the corner||1909|Hathi Trust||crime and mystery|||
|O'Rell, Max||Friend Mac Donald||1887|Hathi Trust||humour and satire|short stories||
|Overton, Grant Martin||When winter comes to Main street||1922|Hathi Trust||essays and journals|||
|Pae, David||Fraud and Friendship||1857|Worldcat||uncategorised|||
|Pairpoint, Alfred J.||Rambles in America||1891|Hathi Trust||travel|||
|Palmer, Phoebe||Four years in the Old world||1866|Hathi Trust||travel|||
|Parker, Mrs William||Wandering thoughts and wandering steps||1880|Hathi Trust||travel|||
|Paston, George||Little memoirs of the eighteenth century||1901|Hathi Trust||biography and autobiography|essays and journals||
|Patten, William||The Junior Classics - Volume 8: Animal and Nature Stories||1917|Archive.org||children's fiction|||
|Peabody, Andrew Preston||Reminiscences of European travel||1868|Hathi Trust||travel|||
|Pease, Howard||Border Ghost Stories||1919|Hathi Trust||ghost stories|myths and legends|crime and mystery|
|Pennant, Thomas||A tour in Scotland: MDCCLXIX||1771|Hathi Trust||travel|||
|Picken, Andrew||The Black Watch vol. 1||1834|Hathi Trust||historical fiction|adventure||
|Picken, Andrew||The Black Watch vol. 3||1834|Hathi Trust||historical fiction|adventure||
|Pitt, Sarah||The White House at Inch Gow||1891|Worldcat||uncategorised|||
|Poe, Clarence Hamilton||A southerner in Europe||1908|Hathi Trust||travel|||
|Pollard, Percival||Cape of Storms||1895|Hathi Trust||adventure|||
|Porte||Diary of a summer in Europe||1866|Hathi Trust|On database: au. 'Mathews, G. H.'|travel|||
|Ramsay, Edward Bannerman||Reminiscences of Scottish life and character||1861|Hathi Trust|On database: au. 'Anonymous'|essays and journals|||
|Ray, Catherine||Aground in the shallows vol. 1||1879|Archive.org||adventure|||
|Reade, Charles||Christie Johnstone: a novel||1853|Hathi Trust||adventure|romance||
|Rees, Byron Johnson||Nineteenth century letters||1919|Hathi Trust||anthology|letters and diaries||
|Rees, Laura L.||We four||1880|Hathi Trust||travel|||
|Reid, John Thomas||Art Rambles in the Highlands and Islands of Scotland||1878|Hathi Trust||travel|||
|Robertson, James||The testament of Gideon Mack||2007|Penguin||contemporary fiction|||
|Robertson, James||And the land lay still||2011|Penguin||contemporary fiction|||
|Robinson, Henry Crabb||Diary, reminiscences, and correspondence of Henry Crabb Robinson||1869|Hathi Trust||letters and diaries|biography and autobiography||
|Roger, James Cruickshank||Journal of a Summer Tour in the Perthshire and Inverness-shire Highlands||1898|Archive.org||travel|letters and diaries||
|Rogers, Charles||Leaves from my autography||1876|Archive.org|On database: au. 'Anonymous'|letters and diaries|biography and autobiography||
|Rose, Mrs William G.||Travels in Europe and Northern Africa||1901|Hathi Trust||travel|||
|Rosengarten, Mary D. Richardson||Eight journeys abroad||1917|Hathi Trust||travel|||
|Rusling, James Fowler||European days and ways||1902|Hathi Trust||travel|||
|Russell, Addison Peale||Library notes||1875|Hathi Trust||essays and journals|||
|Russell, James|Fraser, Campbell (preface)|Reminiscences of Yarrow||1886|Hathi Trust||biography and autobiography|essays and journals||
|Ryley, Samuel Williams||The Itinerant, in Scotland||1827|Hathi Trust||adventure|travel||
|Sanders, Alvin Howard||The road to Dumbiedykes||1916|Hathi Trust|There's a duplicate of this - marked for deletion|essays and journals|||
|Schaw, Janet|Andrews, Evangeline Walker (intro.)|Journal of a lady of quality|1774-1776|1921|Hathi Trust||letters and diaries|travel||
|Schetky, Susan Frances Ludomilla||Ninety years of work and play||1877|Archive.org|On database: au. 'Anonymous'|biography and autobiography|essays and journals||
|Scott, Walter||Tales of a Grandfather||||On database: links to https://historicaltexts.jisc.ac.uk/bl-003318070 but I can't work out which tales these excerpts are from.|classic fiction|||
|Scott, Walter||Guy Mannering||1815|Hathi Trust|There's a duplicate of this - marked for deletion|classic fiction|historical fiction||
|Scott, Walter||The antiquary||1816|Hathi Trust|There's a duplicate of this - marked for deletion|classic fiction|historical fiction||
|Scott, Walter||The journal of Walter Scott|1825-1832|1890|Hathi Trust|There's a duplicate of this - marked for deletion|letters and diaries|||
|Scott, Walter||The pirate||1822|Hathi Trust|This text needs splitting with 'The Fortunes of Nigel' [see link]|classic fiction|historical fiction|adventure|
|Scott, Walter||The Fortunes of Nigel||1822|Hathi Trust|This text needs splitting with 'The Pirate' [see link]. There's a duplicate of this - marked for deletion|classic fiction|historical fiction|adventure|
|Scott, Walter||Waverley vols. 1-3||1814|Adelaide.edu||classic fiction|historical fiction||
|Scott, Walter||Old Mortality||1816|Adelaide.edu||classic fiction|historical fiction||
|Scott, Walter||The Heart of Midlothian||1818|Hathi Trust||classic fiction|historical fiction||
|Scott, Walter||The Abbot vol. 1||1820|Hathi Trust||classic fiction|historical fiction||
|Scott, Walter||Redgauntlet||1824|Hathi Trust||classic fiction|historical fiction||
|Scott, Walter||Chronicles of the Canongate||1827|Gutenberg||classic fiction|short stories||
|Scott, William||Bonnie Hills o'Hame, and other gems||1926|Worldcat||anthology|||
|Scotus, Johannes||The Weird of the Wentworths; A Tale of George IV's Time vol. 1||1862|Hathi Trust||romance|crime and mystery||
|Scripps, James Edmund||Five months abroad||1882|Hathi Trust||travel|||
|Semple, David W.||Crusading with Knights templar||1879|Hathi Trust||travel|letters and diaries||
|Setoun, Gabriel||Robert Urquhart||1896|Hathi Trust||uncategorised|||
|Shand, Alexander Innes||Days of the past||1905|Hathi Trust||essays and journals|||
|Shelley, Mary||Frankenstein; or, The Modern Prometheus||1818|Hathi Trust||classic fiction|horror|science fiction|
|Silliman, Benjamin||A journal of travels in England, Holland and Scotland vol. 3||1812|Hathi Trust||travel|||
|Sime, William||Haco the dreamer vol. 1||1884|Hathi Trust|On database: links to https://historicaltexts.jisc.ac.uk/bl-003386359-01|uncategorised|||
|Sime, William||Haco the dreamer vol. 2||1884|Hathi Trust|On database: links to https://historicaltexts.jisc.ac.uk/bl-003386359-02|uncategorised|||
|Simmonds, Irene||Our trip to Europe||1917|Hathi Trust||travel|||
|Simond, Louis||Journal of a tour and residence in Great Britain vol. 2||1815|Hathi Trust||travel|history|essays and journals|
|Simpson, Evelyn Blantyre||R. L. S. - Some Edinburgh Notes||1894|Hathi Trust|On database: 'Anon., The Chap-book' [v.2, no.2]|biography and autobiography|||
|Simpson, Evelyn Blantyre||Robert Louis Stevenson||1906|Hathi Trust||biography and autobiography|||
|Simson, James||Reminiscences of childhood at Inverkeithing||1882|Hathi Trust||biography and autobiography|||
|Sinclair, Catherine||Holiday House||1839|Hathi Trust|There's a duplicate of this - marked for deletion|children's fiction|||
|Sinclair, Catherine||Modern Flirtations vol. 2||1841|Hathi Trust||romance|||
|Sinclair, Catherine||Modern Accomplishments||1836|Hathi Trust||sagas|||
|Sinclair, Catherine||Modern Society||1837|Hathi Trust||sagas|romance||
|Smeaton, William Henry Oliphant||Allan Ramsay||1896|Hathi Trust||biography and autobiography|||
|Smeaton, William Henry Oliphant||By adverse winds||1895|Worldcat||uncategorised|||
|Smeaton, William Henry Oliphant||Our laddie||1897|Worldcat||uncategorised|||
|Smiles, Samuel|Mackay, Thomas (ed.)|Autobiography of Samuel Smiles||1905|Hathi Trust||biography and autobiography|||
|Smith, Alexander||Dreamthorp||1863|Hathi Trust||essays and journals|short stories||
|Smith, Alexander||Last leaves||1868|Hathi Trust||essays and journals|||
|Smith, Alexander||A summer in Skye||1865|Hathi Trust||history|myths and legends|travel|
|Smith, John Jay||A summer's jaunt across the water||1846|Hathi Trust||travel|||
|Smith, William||From Occident to Orient||1896|Hathi Trust||travel|||
|Smollett, Tobias||The Expedition of Humphry Clinker||1771|Gutenberg||humour and satire|||
|Snowden, James Henry||A summer across the sea||1908|Hathi Trust||travel|||
|Snyder, Marcia Penfield||Eight lands in eight weeks||1911|Hathi Trust||travel|||
|Southworth, Emma Dorothy Eliza Nevitte||Self-Raised; Or, From the Depths||1876|Hathi Trust||adventure|romance|crime and mystery|
|Spark, Muriel||The Prime of Miss Jean Brodie||1961|Penguin||classic fiction?|||
|Spark, Muriel||Curriculum Vitae: A Volume of Autobiography||1992|Penguin||contemporary fiction|biography and autobiography||
|Spark, Muriel||The Complete Short Stories||2001|Penguin||contemporary fiction|short stories||
|Spark, Muriel||All the Poems||2004|Penguin||contemporary fiction|anthology||
|Spark, Muriel||The golden fleece||2014|Penguin||contemporary fiction|essays and journals||
|Spence, Catherine Helen||Mr. Hogarth's Will||1865|Sydney.edu||classic fiction|adventure|romance|
|Spofford, Ainsworth Rand||The library of choice literature vol. 1||1881|Hathi Trust|On database: au. 'Anonymous'|anthology|||
|Stephens, Riccardo||Cruciform Mark||1896|Worldcat||ghost stories|crime and mystery||
|Stephens, Riccardo||Mr Peters||1897|Hathi Trust||uncategorised|||
|Stevenson, William||Sights and scenes in Europe||1882|Hathi Trust||travel|||
|Stine, Milton Henry||A winter jaunt through historic lands||1890|Hathi Trust||travel|||
|Stowe, Harriet Beecher||Sunny memories of foreign lands vol. 1||1854|Hathi Trust||travel|||
|Swan, Annie Shepherd||Sheila||1899|Hathi Trust||adventure|romance||
|Sweat, Margaret Jane Mussey||Highways of travel||1859|Hathi Trust||travel|||
|Tadlock, Clara Moyse||Bohemian days||1889|Hathi Trust||travel|||
|Talmage, Thomas de Witt||Crumbs swept up||1870|Hathi Trust||essays and journals|short stories||
|Talmage, Thomas de Witt|Talmage, Eleanor McCutcheon (ed.)|T. De Witt Talmage; As I Knew Him||1912|Hathi Trust||biography and autobiography|||
|Taylor, Charles Maus||The British isles through an opera glass||1899|Hathi Trust||travel|||
|Tearle, Christian||Rambles with an American||1910|Hathi Trust|On database: au. 'Jacques, Edward Tyrell'|travel|||
|Terry, Ellen||The Story of My Life; Recollections and Reflections||1908|Archive.org||biography and autobiography|||
|Terry, Milton Spenser||Rambles in the old world||1894|Archive.org||travel|||
|Thompson, Alice||The existential detective||2014|Salt Pub.||contemporary fiction|crime and mystery||
|Thompson, Ella W.||Beaten paths||1874|Hathi Trust||travel|||
|Thompson, Mrs E. H.|Hurlbut, Jesse Lyman (intro.)|From the Thames to the Trosachs||1890|Hathi Trust||travel|||
|Thorburn, Grant||Men and Manners in Britain||1834|Hathi Trust||travel|||
|Thwing, Charles Franklin (ed.)||Carrie F. Butler Thwing||1899|Archive.org|On database: au. 'Anonymous'|biography and autobiography|essays and journals||
|Todd, George Eyre||Scotland Picturesque and Traditional||1895|Hathi Trust||travel|||
|Tomes, Robert||My college days||1880|Hathi Trust||biography and autobiography|||
|Tomlinson, Everett Titsworth||The British isles||1909|Hathi Trust||travel|history||
|Towne, Charles Hanson||Shaking hands with England||1919|Archive.org||travel|||
|Trench, Francis||Scotland, its faith and its features||1846|Hathi Trust||travel|||
|Tweedale, Violet||Ghosts I have seen and other psychic experiences||1919|Hathi Trust||ghost stories|||
|Tytler, Sarah||The Diamond Rose||1867|Worldcat||uncategorised|||
|Tytler, Sarah||Lady Jean's Son. A novel||1897|Worldcat||uncategorised|||
|Vanderslice, John||Around the world||1876|Hathi Trust||uncategorised|||
|Verne, Joules||The underground city (also pub. as 'The Child of the Cavern')||1877|Adelaide.edu||adventure|||
|Victoria, Queen|Helps, Arthur (ed.)|Leaves from the journal of our life in the Highlands||1868|Hathi Trust||travel|letters and diaries||
|Walford, Lucy Bethia||A question of penmanship||1893|Worldcat||short stories|||
|Waller, Mary Ella||From an island outpost||1914|Hathi Trust||travel|letters and diaries||
|Ware, Mary Clementina Hibbert||His Dearest Wish vol. 2||1883|Archive.org||romance|||
|Warren, Arthur||London days||1920|Hathi Trust||biography and autobiography|essays and journals||
|Watson, Samuel||A Memphian's trip to Europe with Cook's educational party||1874|Hathi Trust|Diff ed. w/ diff extracts but same text|travel|||
|Watson, Samuel||A Memphian's trip to Europe with Cook's educational party||1874|Hathi Trust|Diff ed. w/ diff extracts but same text|travel|||
|Watt, Lauchlan MacLean||The hills of home||1914|Hathi Trust||essays and journals|||
|Watt, Lauchlan MacLean||The heart of a soldier||1918|Hathi Trust||essays and journals|||
|Welsh, Irvine||Trainspotting||1993|Penguin||contemporary fiction|||
|Welsh, Irvine||Marabou Stork Nightmares||1995|Penguin||contemporary fiction|||
|Welsh, Irvine||Ecstasy: Three Tales of Chemical Romance||1996|Penguin||contemporary fiction|||
|Welsh, Irvine||Filth||1998|Penguin||contemporary fiction|||
|Welsh, Irvine||Porno||2002|Penguin||contemporary fiction|||
|Welsh, Irvine||Crime||2008|Penguin||contemporary fiction|||
|Welsh, Irvine||Reheated cabbage||2009|Penguin||contemporary fiction|||
|Welsh, Irvine||Skagboys||2012|Penguin||contemporary fiction|||
|West, Rebecca||The judge||1922|Hathi Trust||romance|crime and mystery||
|Wheaton, Nathaniel Sheldon||A journal of a residence during several months in London||1830|Hathi Trust||travel|||
|White, Adam||Heads and Tales||1870|Hathi Trust|On database: au. 'Anonymous'|essays and journals|||
|Whitehead, Sarah Robertson||Nelly Armstrong: a story of the day vol. 1||1853|Hathi Trust|On database: au. 'Armstrong, Nell'; links to https://historicaltexts.jisc.ac.uk/bl-000116525-01|uncategorised|||
|Whitehead, Sarah Robertson||Nelly Armstrong: a story of the day vol. 2||1853|Hathi Trust|On database: au. 'Armstrong, Nell'; links to https://historicaltexts.jisc.ac.uk/bl-000116525-02|uncategorised|||
|Whyte, William||O'er the Atlantic||1870|Hathi Trust||travel|||
|Wiggin, Kate Douglas Smith||Penelope's Progress||1898|Hathi Trust|There are three different volumes all with different extracts for this text|uncategorised|||
|Wight, John Green||Autobiography and miscellanea||1912|Hathi Trust||biography and autobiography|essays and journals||
|Wilkie, Franc Bangs||Sketches beyond the sea||1879|Hathi Trust||travel|||
|Williams, Charles||Old world scenes||1867|Hathi Trust||travel|||
|Williams, Rudolph||Europe from May to December||1895|Hathi Trust||travel|||
|Williamson, Margaret||John and Betty's Scotch history visit||1912|Hathi Trust||children's fiction|||
|Willis, Nathaniel Parker||Famous persons and places||1854|Hathi Trust||essays and journals|history||
|Wilson, Daniel||Memorials of Edinburgh in olden times||1848|Hathi Trust||history|essays and journals||
|Wilson, Jessie Aitken||Memoir of George Wilson||1860|Hathi Trust||biography and autobiography|||
|Wilson, John||Wilson's tales of the borders and Scotland vol. 1|1834|1857|Hathi Trust|On database: au. 'Wilson, John Mackay'|history|myths and legends|anthology|
|Wilson, John||Wilson's tales of the borders and Scotland vol. 2|1834|1857|Hathi Trust|On database: au. 'Wilson, John Mackay'|history|myths and legends|anthology|
|Wilson, John||Wilson's tales of the borders and Scotland vol. 3|1834|1857|Hathi Trust|On database: au. 'Wilson, John Mackay'|history|myths and legends|anthology|
|Wilson, John||Wilson's tales of the borders and Scotland vol. 4|1834|1857|Hathi Trust|On database: au. 'Wilson, John Mackay'|history|myths and legends|anthology|
|Wilson, John||Wilson's tales of the borders and Scotland vol. 5|1834|1857|Hathi Trust|On database: au. 'Wilson, John Mackay'. Duplication marked for deletion|history|myths and legends|anthology|
|Wilson, John||Wilson's tales of the borders and Scotland vol. 6|1834|1857|Hathi Trust|On database: au. 'Wilson, John Mackay'|history|myths and legends|anthology|
|Wilson, John||Wilson's tales of the borders and Scotland vol. 7|1834|1857|Hathi Trust|On database: au. 'Wilson, John Mackay'|history|myths and legends|anthology|
|Wilson, John||Wilson's tales of the borders and Scotland vol. 11|1834|1857|Hathi Trust|On database: au. 'Wilson, John Mackay'|history|myths and legends|anthology|
|Wilson, John||Wilson's tales of the borders and Scotland vol. 12|1834|1857|Hathi Trust|On database: au. 'Wilson, John Mackay'|history|myths and legends|anthology|
|Wilson, John||Wilson's historical, traditionary, and imaginative tales of the borders, and of Scotland||19--|Hathi Trust|On database: au. 'Wilson, John Mackay'|history|myths and legends|anthology|
|Wilson, Julia Virginia||Leaves from my diary||1900|Hathi Trust||travel|||
|Winchester, Charles Wesley||The gospel of foreign travel||1891|Hathi Trust||travel|||
|Winslow, Forbes Edward||The children's fairy geography||1880|Hathi Trust||travel|children's fiction||
|Winter, William||Gray Days and Gold||1891|Hathi Trust||travel|||
|Winter, Willliam||Brown heath and blue bells||1895|Hathi Trust||travel|essays and journals||
|Wistan, Aden||Lucy, Francis and Cousin Bill||1892|Worldcat||uncategorised|||
|Wood, Charles|Taylor, William Mackergo (intro.)|Saunterings in Europe||1882|Hathi Trust||travel|||
|Wyld, Robert Stodart||Memoir of James Wyld of Gilston, and his family||1889|NLS|On database: au. 'Anonymous'|biography and autobiography|||
|Young, Samuel||A Wall-Street bear in Europe||1855|Hathi Trust||travel|||
|Wilson, John||Critical and miscellaneous essays vol. 1||1842|Hathi Trust||essays and journals|short stories||
|Wilson, John||The Foresters||1825|Hathi Trust||romance|||
|Wilson, John||The recreations of Christopher North||1842|Hathi Trust||anthology|||
|Wilson, John||The Works of Professor Wilson vol. 11: Tales||1857|Hathi Trust|On database: title 'The works of Professor Wilson of the University of Edinburgh'|anthology|short stories|romance|
|Wilson, John||Essays Critical and Imaginative vol. 1||1855|Hathi Trust||short stories|essays and journals||
|Wilson, John||Essays Critical and Imaginative vol. 2||1856|Hathi Trust||short stories|essays and journals||
|Wilson, John||Noctes Ambrosian≈ì vol. 1||1854|Hathi Trust||humour and satire|short stories|essays and journals|
|Wilson, John||Noctes Ambrosian≈ì vol. 2||1854|Hathi Trust||humour and satire|short stories|essays and journals|
|Wilson, John||Noctes Ambrosian≈ì vol. 3||1854|Hathi Trust||humour and satire|short stories|essays and journals|
|Wilson, John||Noctes Ambrosian≈ì vol. 4||1854|Hathi Trust||humour and satire|short stories|essays and journals|
